platform,adapter,generated_count,reference_count,mean_cosine_sim,mean_cosine_sim_shopify,mean_cosine_sim_etsy,mean_cosine_sim_ebay,knn_accuracy,clip_diversity_mean_pairwise_distance,clip_diversity_mean_pairwise_similarity,clip_diversity_mean_nearest_neighbor_similarity,clip_diversity_sample_count,fid
shopify,ip_adapter,75,75,0.6694514751434326,0.6694514751434326,0.6914870738983154,0.6738153696060181,0.21333333333333335,0.42405635118484497,0.575943648815155,0.7560270428657532,75.0,233.80160563567551
shopify,lora,75,75,0.6687110066413879,0.6687110066413879,0.6954965591430664,0.6736767292022705,0.18666666666666668,0.41908034682273865,0.580919623374939,0.7593058347702026,75.0,243.9529784635037
etsy,ip_adapter,80,80,0.8250020742416382,0.6756779551506042,0.8250020742416382,0.6851469278335571,1.0,0.1824500560760498,0.817550003528595,0.8992437124252319,80.0,273.4411932510738
etsy,lora,80,80,0.8212453722953796,0.6766767501831055,0.8212453722953796,0.6857901811599731,1.0,0.1878061294555664,0.8121938705444336,0.8976281881332397,80.0,264.2223832381193
ebay,ip_adapter,79,79,0.699734628200531,0.681259036064148,0.7176644802093506,0.699734628200531,0.4810126582278481,0.36127519607543945,0.6387248039245605,0.8074575662612915,79.0,249.962412075629
ebay,lora,79,79,0.6919665932655334,0.6768578886985779,0.7073646187782288,0.6919665932655334,0.4936708860759494,0.366673082113266,0.6333269476890564,0.8137962222099304,79.0,251.5943460645123
