platform,adapter,generated_count,reference_count,mean_cosine_sim,mean_cosine_sim_shopify,mean_cosine_sim_etsy,mean_cosine_sim_ebay,knn_accuracy,clip_diversity_mean_pairwise_distance,clip_diversity_mean_pairwise_similarity,clip_diversity_mean_nearest_neighbor_similarity,clip_diversity_sample_count,fid
shopify,ip_adapter,75,75,0.7463722229003906,0.7463722229003906,0.7515594363212585,0.7465183734893799,0.3333333333333333,0.34776049852371216,0.6522395610809326,0.8052899837493896,75.0,233.80156073542648
shopify,lora,75,75,0.7397663593292236,0.7397663593292236,0.7468199133872986,0.7399370074272156,0.29333333333333333,0.3577764332294464,0.642223596572876,0.8004907369613647,75.0,243.95293446653577
etsy,ip_adapter,80,80,0.8517282605171204,0.743938148021698,0.8517282605171204,0.7464617490768433,1.0,0.16814938187599182,0.8318505883216858,0.9089377522468567,80.0,273.4411393118326
etsy,lora,80,80,0.8478292226791382,0.7430654764175415,0.8478292226791382,0.7447356581687927,1.0,0.1734108030796051,0.8265892267227173,0.9030815958976746,80.0,264.222330649868
ebay,ip_adapter,79,79,0.7656607031822205,0.7534958720207214,0.7685889005661011,0.7656607031822205,0.5949367088607594,0.2999976873397827,0.7000023722648621,0.8423148989677429,79.0,249.96235287676075
ebay,lora,79,79,0.7590506672859192,0.7488613128662109,0.7607094049453735,0.7590506672859192,0.6835443037974683,0.304255872964859,0.6957440972328186,0.8501027822494507,79.0,251.59428864943587
