platform,adapter,generated_count,reference_count,mean_cosine_sim,knn_accuracy,clip_diversity_mean_pairwise_distance,fid
shopify,ip_adapter,75,75,0.7463722229003906,0.3333333333333333,0.34776049852371216,233.80156073542648
etsy,ip_adapter,80,80,0.8517282605171204,1.0,0.16814938187599182,273.4411393118326
ebay,ip_adapter,79,79,0.7656607031822205,0.5949367088607594,0.2999976873397827,249.96235287676075
